ID,UMAP 1,label,UMAP 2
Exp074385,5.375786781311035,discovery_tumor_BLCA,8.637832641601562
Exp076181,7.102036476135254,discovery_tumor_BLCA,9.626086235046387
Exp081624,6.998470783233643,discovery_tumor_BLCA,6.085558891296387
Exp081625,7.929864406585693,discovery_tumor_BLCA,7.068173408508301
Exp081626,8.230247497558594,discovery_tumor_BLCA,7.743702411651611
Exp081627,7.130217552185059,discovery_tumor_BLCA,6.172791004180908
Exp081629,5.607017993927002,discovery_tumor_BLCA,9.143097877502441
Exp081630,6.283780097961426,discovery_tumor_BLCA,6.360014915466309
Exp081631,5.754797458648682,discovery_tumor_BLCA,7.547138214111328
Exp081632,6.490582466125488,discovery_tumor_BLCA,6.957862377166748
Exp081634,4.525122165679932,discovery_tumor_BLCA,6.173173904418945
Exp081635,7.900234222412109,discovery_tumor_BLCA,10.135068893432617
Exp081636,7.640458583831787,discovery_tumor_BLCA,10.359764099121094
Exp081638,7.089595794677734,discovery_tumor_BLCA,6.125513553619385
Exp081639,7.011335372924805,discovery_tumor_BLCA,6.115514755249023
Exp081640,7.802243232727051,discovery_tumor_BLCA,10.265534400939941
Exp081641,8.05443286895752,discovery_tumor_BLCA,10.107416152954102
Exp081642,8.004674911499023,discovery_tumor_BLCA,10.17130184173584
Exp081644,6.935174465179443,discovery_tumor_BLCA,8.7968111038208
Exp081646,7.898590087890625,discovery_tumor_BLCA,6.662554740905762
Exp081649,7.322624206542969,discovery_tumor_BLCA,8.788141250610352
Exp081650,7.279650688171387,discovery_tumor_BLCA,9.51087760925293
Exp081651,7.109233379364014,discovery_tumor_BLCA,8.517141342163086
Exp081652,6.761521339416504,discovery_tumor_BLCA,8.470155715942383
Exp081654,7.0808000564575195,discovery_tumor_BLCA,9.598520278930664
Exp081655,6.0587873458862305,discovery_tumor_BLCA,8.11233139038086
Exp081656,7.493156433105469,discovery_tumor_BLCA,9.140233039855957
Exp081657,7.132495403289795,discovery_tumor_BLCA,9.656149864196777
Exp081658,6.401154518127441,discovery_tumor_BLCA,8.964936256408691
Exp081659,4.948819637298584,discovery_tumor_BLCA,6.637382507324219
Exp081660,6.869392395019531,discovery_tumor_BLCA,8.061050415039062
Exp081661,6.925717353820801,discovery_tumor_BLCA,8.00216007232666
Exp081662,6.8029375076293945,discovery_tumor_BLCA,9.753527641296387
Exp081663,6.515941619873047,discovery_tumor_BLCA,9.308262825012207
Exp081664,6.160623073577881,discovery_tumor_BLCA,9.339167594909668
Exp081665,7.134239673614502,discovery_tumor_BLCA,8.36781120300293
Exp081666,7.850536823272705,discovery_tumor_BLCA,9.091538429260254
Exp081667,7.630195140838623,discovery_tumor_BLCA,8.004810333251953
Exp081669,8.016595840454102,discovery_tumor_BLCA,8.683862686157227
Exp081670,6.524204730987549,discovery_tumor_BLCA,8.916360855102539
Exp081671,7.186078071594238,discovery_tumor_BLCA,9.556436538696289
Exp081672,6.612281799316406,discovery_tumor_BLCA,9.485991477966309
Exp081674,7.87547492980957,discovery_tumor_BLCA,9.312949180603027
Exp081675,7.606578350067139,discovery_tumor_BLCA,8.840962409973145
Exp081676,7.0181732177734375,discovery_tumor_BLCA,9.330560684204102
Exp081678,7.643599987030029,discovery_tumor_BLCA,9.24505615234375
Exp081679,6.864264965057373,discovery_tumor_BLCA,9.218635559082031
Exp081681,7.700018405914307,discovery_tumor_BLCA,8.725624084472656
Exp081682,7.977773189544678,discovery_tumor_BLCA,8.042694091796875
Exp081683,7.2374467849731445,discovery_tumor_BLCA,7.549339771270752
Exp081684,6.235074520111084,discovery_tumor_BLCA,9.595685958862305
Exp081686,6.623539447784424,discovery_tumor_BLCA,8.226223945617676
Exp081688,7.884393692016602,discovery_tumor_BLCA,8.728182792663574
Exp081689,8.163752555847168,discovery_tumor_BLCA,9.401771545410156
Exp081690,7.639332294464111,discovery_tumor_BLCA,8.67660140991211
Exp081691,7.845377445220947,discovery_tumor_BLCA,9.020742416381836
Exp081692,7.699295997619629,discovery_tumor_BLCA,8.998708724975586
Exp081693,7.511641025543213,discovery_tumor_BLCA,9.126642227172852
Exp081694,7.991157531738281,discovery_tumor_BLCA,8.704038619995117
Exp081695,8.178908348083496,discovery_tumor_BLCA,7.809139251708984
Exp081696,8.40947437286377,discovery_tumor_BLCA,7.600193977355957
Exp081697,7.568120956420898,discovery_tumor_BLCA,9.337388038635254
Exp081698,7.330784797668457,discovery_tumor_BLCA,9.5943021774292
Exp081699,7.820528030395508,discovery_tumor_BLCA,9.344945907592773
Exp082709,7.947970390319824,discovery_tumor_BLCA,8.44021224975586
Exp082710,7.335865497589111,discovery_tumor_BLCA,9.479333877563477
Exp082714,5.809464454650879,discovery_tumor_BLCA,8.258663177490234
Exp082715,6.75407075881958,discovery_tumor_BLCA,9.198026657104492
Exp082716,8.832139015197754,discovery_tumor_BLCA,9.038359642028809
Exp082718,6.684417247772217,discovery_tumor_BLCA,7.460072994232178
Exp082719,8.463260650634766,discovery_tumor_BLCA,7.242785930633545
Exp082720,6.795994281768799,discovery_tumor_BLCA,9.567499160766602
Exp082721,6.661351680755615,discovery_tumor_BLCA,9.674288749694824
Exp082722,6.848027229309082,discovery_tumor_BLCA,6.6483659744262695
Exp082723,6.349340438842773,discovery_tumor_BLCA,9.69132137298584
Exp082724,6.563215732574463,discovery_tumor_BLCA,9.577969551086426
Exp082725,6.4814348220825195,discovery_tumor_BLCA,8.818263053894043
Exp082726,6.098044395446777,discovery_tumor_BLCA,9.803079605102539
Exp082727,5.941834926605225,discovery_tumor_BLCA,9.713096618652344
Exp082728,8.557583808898926,discovery_tumor_BLCA,7.1749091148376465
Exp082729,6.826986789703369,discovery_tumor_BLCA,7.774595260620117
Exp082730,5.0533671379089355,discovery_tumor_BLCA,6.5336713790893555
Exp082731,7.118591785430908,discovery_tumor_BLCA,8.725654602050781
Exp082732,7.862525463104248,discovery_tumor_BLCA,7.306586742401123
Exp082733,6.5625786781311035,discovery_tumor_BLCA,9.567547798156738
Exp082734,8.368232727050781,discovery_tumor_BLCA,9.497750282287598
Exp082735,8.614873886108398,discovery_tumor_BLCA,6.223460674285889
Exp082736,7.1673102378845215,discovery_tumor_BLCA,7.959722518920898
Exp082738,6.4868388175964355,discovery_tumor_BLCA,9.346067428588867
Exp082740,6.614654541015625,discovery_tumor_BLCA,8.4318208694458
Exp082741,6.2351765632629395,discovery_tumor_BLCA,9.429338455200195
Exp082743,6.559046268463135,discovery_tumor_BLCA,8.27747917175293
Exp082744,5.2342071533203125,discovery_tumor_BLCA,6.766361236572266
Exp082745,5.7170233726501465,discovery_tumor_BLCA,5.873270511627197
Exp082747,5.981227874755859,discovery_tumor_BLCA,9.270577430725098
Exp082748,5.947939872741699,discovery_tumor_BLCA,9.505125999450684
Exp082749,6.813068389892578,discovery_tumor_BLCA,6.527139663696289
Exp082751,6.88909912109375,discovery_tumor_BLCA,9.493874549865723
Exp082900,6.434612274169922,discovery_tumor_BLCA,8.025374412536621
Exp081648,7.027742862701416,discovery_tumor_BLCA,9.66656494140625
Exp081668,7.351943016052246,discovery_tumor_BLCA,7.321496486663818
Exp081677,5.161816596984863,discovery_tumor_BLCA,6.517618656158447
Exp081680,7.126339435577393,discovery_tumor_BLCA,9.661809921264648
Exp081685,8.222429275512695,discovery_tumor_BLCA,6.739144325256348
Exp081700,7.543914318084717,discovery_tumor_BLCA,9.465002059936523
Exp082717,6.130497455596924,discovery_tumor_BLCA,9.25289535522461
Exp082737,7.05124044418335,discovery_tumor_BLCA,7.583395957946777
Exp082742,6.880685329437256,discovery_tumor_BLCA,6.630467891693115
Exp082746,4.941859245300293,discovery_tumor_BLCA,6.678902626037598
Exp081628,7.347383975982666,discovery_tumor_BLCA,8.644145965576172
Exp081633,7.167028903961182,discovery_tumor_BLCA,8.871893882751465
Exp081643,6.330081939697266,discovery_tumor_BLCA,5.921746253967285
Exp081645,6.3619465827941895,discovery_tumor_BLCA,8.03405475616455
Exp081653,7.283408164978027,discovery_tumor_BLCA,9.55866813659668
Exp081673,8.116886138916016,discovery_tumor_BLCA,8.308568000793457
Exp081687,7.284694671630859,discovery_tumor_BLCA,9.689652442932129
Exp082708,8.19530963897705,discovery_tumor_BLCA,6.889833927154541
Exp082712,4.565881729125977,discovery_tumor_BLCA,7.662099361419678
Exp079142,6.3169145584106445,discovery_tumor_CRCA,7.583140850067139
Exp079147,5.343841075897217,discovery_tumor_CRCA,6.9801459312438965
Exp079148,7.434650897979736,discovery_tumor_CRCA,7.994007110595703
Exp079162,4.617482662200928,discovery_tumor_CRCA,6.312435150146484
Exp079183,4.3187432289123535,discovery_tumor_CRCA,6.737842559814453
Exp079210,5.977992534637451,discovery_tumor_CRCA,7.140299320220947
Exp079246,5.614090442657471,discovery_tumor_CRCA,9.55187702178955
Exp079249,6.700261116027832,discovery_tumor_CRCA,7.875790119171143
Exp079283,6.77785587310791,discovery_tumor_CRCA,8.053125381469727
Exp079286,5.285457134246826,discovery_tumor_CRCA,8.262595176696777
Exp081460,5.4566802978515625,discovery_tumor_CRCA,6.603911876678467
Exp081465,6.8270721435546875,discovery_tumor_CRCA,7.464189052581787
Exp081468,5.310454368591309,discovery_tumor_CRCA,6.128476619720459
Exp081472,6.28466272354126,discovery_tumor_CRCA,5.487655162811279
Exp081474,6.421859264373779,discovery_tumor_CRCA,5.385178089141846
Exp081479,6.3944244384765625,discovery_tumor_CRCA,5.364963054656982
Exp081486,6.286766529083252,discovery_tumor_CRCA,6.560930252075195
Exp081590,5.334417343139648,discovery_tumor_CRCA,7.709547996520996
Exp081591,6.9797539710998535,discovery_tumor_CRCA,7.159780025482178
Exp081599,6.217013835906982,discovery_tumor_CRCA,8.081116676330566
Exp081612,8.962507247924805,discovery_tumor_CRCA,5.653580188751221
Exp082929,5.7794880867004395,discovery_tumor_CRCA,6.314579486846924
Exp082934,5.611540794372559,discovery_tumor_CRCA,6.6872124671936035
Exp082955,7.5782856941223145,discovery_tumor_CRCA,8.741697311401367
Exp082978,8.890974044799805,discovery_tumor_CRCA,6.065321445465088
Exp083924,9.18064022064209,discovery_tumor_CRCA,5.499562740325928
Exp083942,6.824375629425049,discovery_tumor_CRCA,6.633518218994141
Exp083943,8.734574317932129,discovery_tumor_CRCA,5.8489251136779785
Exp083947,8.307095527648926,discovery_tumor_CRCA,5.4882001876831055
Exp087334,7.834811210632324,discovery_tumor_CRCA,9.014567375183105
Exp087349,5.495948791503906,discovery_tumor_CRCA,6.509912490844727
Exp087352,8.46951961517334,discovery_tumor_CRCA,8.882951736450195
Exp087365,9.283199310302734,discovery_tumor_CRCA,6.761603832244873
Exp087416,9.557073593139648,discovery_tumor_CRCA,6.468040943145752
Exp087436,9.578097343444824,discovery_tumor_CRCA,7.316937446594238
Exp087462,9.363547325134277,discovery_tumor_CRCA,6.243020057678223
Exp079184,6.997858047485352,discovery_tumor_CRCA,7.725104331970215
Exp079212,4.255308628082275,discovery_tumor_CRCA,6.7149457931518555
Exp079228,8.497821807861328,discovery_tumor_CRCA,9.41550064086914
Exp079297,6.34785795211792,discovery_tumor_CRCA,7.592520236968994
Exp081475,6.1142754554748535,discovery_tumor_CRCA,7.712688446044922
Exp081487,6.047217845916748,discovery_tumor_CRCA,7.417815208435059
Exp081600,7.931918144226074,discovery_tumor_CRCA,5.9693498611450195
Exp083959,8.0833158493042,discovery_tumor_CRCA,6.287246227264404
Exp087343,5.580910682678223,discovery_tumor_CRCA,8.722970008850098
Exp074388,6.028531551361084,discovery_tumor_CRCA,8.306509017944336
Exp075580,8.409979820251465,discovery_tumor_CRCA,7.304940223693848
Exp075581,4.895153045654297,discovery_tumor_CRCA,6.7862701416015625
Exp075584,5.979750156402588,discovery_tumor_CRCA,7.363619804382324
Exp075585,6.473299980163574,discovery_tumor_CRCA,8.087406158447266
Exp075588,6.456405162811279,discovery_tumor_CRCA,8.205327033996582
Exp075589,6.02298641204834,discovery_tumor_CRCA,7.389711380004883
Exp076193,5.8036627769470215,discovery_tumor_CRCA,7.9244232177734375
Exp079146,5.866574287414551,discovery_tumor_CRCA,7.321804523468018
Exp079214,4.387574195861816,discovery_tumor_CRCA,6.725816249847412
Exp083009,9.168699264526367,discovery_tumor_CRCA,6.225116729736328
Exp083941,8.44245433807373,discovery_tumor_CRCA,6.642209529876709
Exp087332,7.9350361824035645,discovery_tumor_CRCA,8.248641014099121
Exp087361,9.089417457580566,discovery_tumor_CRCA,8.710087776184082
Exp087425,9.425288200378418,discovery_tumor_CRCA,6.4718427658081055
Exp087442,9.15470027923584,discovery_tumor_CRCA,7.696816921234131
Exp079143,5.698760986328125,discovery_tumor_ML,8.677382469177246
Exp079155,5.03302526473999,discovery_tumor_ML,7.474190711975098
Exp079156,5.217085838317871,discovery_tumor_ML,8.017756462097168
Exp079165,5.637768745422363,discovery_tumor_ML,8.198787689208984
Exp079166,7.3384575843811035,discovery_tumor_ML,8.62008285522461
Exp079176,7.216179370880127,discovery_tumor_ML,6.958376884460449
Exp079178,5.418706893920898,discovery_tumor_ML,8.061455726623535
Exp079181,7.7589497566223145,discovery_tumor_ML,7.00490665435791
Exp079188,7.220965385437012,discovery_tumor_ML,6.690454483032227
Exp079189,6.747375965118408,discovery_tumor_ML,6.706311225891113
Exp079190,7.253982067108154,discovery_tumor_ML,6.9325852394104
Exp079195,5.256169319152832,discovery_tumor_ML,8.203701972961426
Exp079198,4.586709976196289,discovery_tumor_ML,6.76487922668457
Exp079199,6.2633137702941895,discovery_tumor_ML,7.16975736618042
Exp079202,4.888297080993652,discovery_tumor_ML,7.371379375457764
Exp079206,5.947017669677734,discovery_tumor_ML,8.497434616088867
Exp079209,4.245476722717285,discovery_tumor_ML,6.953009605407715
Exp079211,5.034382343292236,discovery_tumor_ML,6.378183841705322
Exp079216,4.820911407470703,discovery_tumor_ML,7.82289457321167
Exp079219,4.950036525726318,discovery_tumor_ML,6.481738567352295
Exp079221,7.531217575073242,discovery_tumor_ML,6.746098041534424
Exp079222,6.303360939025879,discovery_tumor_ML,6.395554065704346
Exp079234,4.076228141784668,discovery_tumor_ML,8.994002342224121
Exp079245,7.2990007400512695,discovery_tumor_ML,6.998550891876221
Exp079248,7.0924201011657715,discovery_tumor_ML,6.602901458740234
Exp079253,6.077345848083496,discovery_tumor_ML,8.588601112365723
Exp079255,5.488884925842285,discovery_tumor_ML,7.634773254394531
Exp079260,7.573363780975342,discovery_tumor_ML,6.5228047370910645
Exp079261,6.5695624351501465,discovery_tumor_ML,8.207853317260742
Exp079270,4.901525020599365,discovery_tumor_ML,6.914645195007324
Exp079273,7.33056640625,discovery_tumor_ML,8.487438201904297
Exp079275,5.4886674880981445,discovery_tumor_ML,7.325234889984131
Exp079279,5.147346496582031,discovery_tumor_ML,8.084465980529785
Exp079290,7.284379482269287,discovery_tumor_ML,8.905892372131348
Exp079292,8.450252532958984,discovery_tumor_ML,7.02521276473999
Exp079294,6.383346080780029,discovery_tumor_ML,8.350578308105469
Exp079300,4.871366500854492,discovery_tumor_ML,6.969461917877197
Exp079301,7.845134735107422,discovery_tumor_ML,7.414660930633545
Exp079303,4.466094493865967,discovery_tumor_ML,6.796012878417969
Exp081457,4.34709358215332,discovery_tumor_ML,6.722988128662109
Exp081462,6.327816009521484,discovery_tumor_ML,6.851977348327637
Exp081469,8.193493843078613,discovery_tumor_ML,7.037376880645752
Exp081470,6.066102981567383,discovery_tumor_ML,5.561459541320801
Exp081481,5.973469257354736,discovery_tumor_ML,7.8994951248168945
Exp081494,7.268937587738037,discovery_tumor_ML,7.849898815155029
Exp081495,6.488290786743164,discovery_tumor_ML,5.723991870880127
Exp081496,5.945547580718994,discovery_tumor_ML,7.075160503387451
Exp081497,6.624148845672607,discovery_tumor_ML,7.294822692871094
Exp081498,7.217763423919678,discovery_tumor_ML,6.847030162811279
Exp081499,6.316547870635986,discovery_tumor_ML,6.719615459442139
Exp081500,6.4583892822265625,discovery_tumor_ML,6.407147407531738
Exp081501,6.693003177642822,discovery_tumor_ML,6.456291675567627
Exp081502,6.133403301239014,discovery_tumor_ML,5.58631706237793
Exp081503,8.425435066223145,discovery_tumor_ML,5.585449695587158
Exp081504,5.951826095581055,discovery_tumor_ML,7.941902160644531
Exp081505,6.4711174964904785,discovery_tumor_ML,7.237641334533691
Exp081506,6.3289475440979,discovery_tumor_ML,5.769808769226074
Exp081507,8.450448036193848,discovery_tumor_ML,5.949621200561523
Exp081508,6.9311842918396,discovery_tumor_ML,6.630305767059326
Exp081509,7.525838375091553,discovery_tumor_ML,6.003662109375
Exp081510,7.986873626708984,discovery_tumor_ML,7.051018714904785
Exp081511,8.388873100280762,discovery_tumor_ML,6.674956798553467
Exp081512,8.122227668762207,discovery_tumor_ML,7.030359268188477
Exp081513,7.727533340454102,discovery_tumor_ML,6.376195430755615
Exp081514,8.09046459197998,discovery_tumor_ML,6.700782299041748
Exp081515,8.276447296142578,discovery_tumor_ML,7.135143280029297
Exp081516,6.545090198516846,discovery_tumor_ML,5.263692855834961
Exp081517,6.67464017868042,discovery_tumor_ML,5.816040992736816
Exp081518,8.311197280883789,discovery_tumor_ML,5.701148509979248
Exp081519,7.355637073516846,discovery_tumor_ML,6.431159019470215
Exp081520,8.725939750671387,discovery_tumor_ML,5.688191890716553
Exp081521,8.235709190368652,discovery_tumor_ML,6.208993911743164
Exp081522,8.485074996948242,discovery_tumor_ML,6.9152679443359375
Exp081523,8.878777503967285,discovery_tumor_ML,5.7301483154296875
Exp081524,6.556902885437012,discovery_tumor_ML,5.27207088470459
Exp081527,7.949361324310303,discovery_tumor_ML,6.396488666534424
Exp081529,8.113197326660156,discovery_tumor_ML,7.430613040924072
Exp081530,7.393956661224365,discovery_tumor_ML,6.421642303466797
Exp081531,8.829976081848145,discovery_tumor_ML,5.743020534515381
Exp081532,6.426108360290527,discovery_tumor_ML,5.560306549072266
Exp081533,8.297163963317871,discovery_tumor_ML,6.568922519683838
Exp081534,7.992888450622559,discovery_tumor_ML,6.477513313293457
Exp081535,6.695062637329102,discovery_tumor_ML,5.655940055847168
Exp081536,6.436461925506592,discovery_tumor_ML,5.742964744567871
Exp081537,6.04128885269165,discovery_tumor_ML,7.347152233123779
Exp081538,6.594061851501465,discovery_tumor_ML,7.956446647644043
Exp081539,6.395982265472412,discovery_tumor_ML,8.849203109741211
Exp081540,6.444737911224365,discovery_tumor_ML,6.9791646003723145
Exp081541,5.53477668762207,discovery_tumor_ML,6.927224159240723
Exp081542,6.903069496154785,discovery_tumor_ML,6.665881156921387
Exp081543,6.618460178375244,discovery_tumor_ML,6.586117267608643
Exp081544,7.295759201049805,discovery_tumor_ML,6.942354202270508
Exp081545,6.289262771606445,discovery_tumor_ML,7.0094895362854
Exp081546,5.7065629959106445,discovery_tumor_ML,7.221001148223877
Exp081547,6.728670120239258,discovery_tumor_ML,8.20253849029541
Exp081548,6.247213840484619,discovery_tumor_ML,5.533361911773682
Exp081550,4.9714226722717285,discovery_tumor_ML,7.7296013832092285
Exp081551,6.715753078460693,discovery_tumor_ML,8.440544128417969
Exp081552,6.8575005531311035,discovery_tumor_ML,8.81836223602295
Exp081553,6.860013008117676,discovery_tumor_ML,8.816463470458984
Exp081554,6.91597318649292,discovery_tumor_ML,9.33619499206543
Exp081555,7.901702404022217,discovery_tumor_ML,8.803768157958984
Exp081559,6.705336093902588,discovery_tumor_ML,5.811673164367676
Exp081560,5.344428062438965,discovery_tumor_ML,5.995067119598389
Exp081561,6.447199821472168,discovery_tumor_ML,7.033750534057617
Exp081562,5.4478912353515625,discovery_tumor_ML,7.506081581115723
Exp081563,5.249133110046387,discovery_tumor_ML,7.503424644470215
Exp081564,5.989261150360107,discovery_tumor_ML,7.125810146331787
Exp081565,4.631429672241211,discovery_tumor_ML,7.569253921508789
Exp081566,6.635003089904785,discovery_tumor_ML,7.643634796142578
Exp081567,7.319818019866943,discovery_tumor_ML,7.050017356872559
Exp081568,5.395307540893555,discovery_tumor_ML,6.964864253997803
Exp082930,5.892739772796631,discovery_tumor_ML,7.715515613555908
Exp082936,5.7906341552734375,discovery_tumor_ML,7.130069255828857
Exp082939,5.4558234214782715,discovery_tumor_ML,8.446980476379395
Exp082941,5.8465070724487305,discovery_tumor_ML,6.626255989074707
Exp082945,5.439526081085205,discovery_tumor_ML,7.140907287597656
Exp082951,7.882582187652588,discovery_tumor_ML,6.345061302185059
Exp082957,5.950803756713867,discovery_tumor_ML,6.4267144203186035
Exp082958,7.624913215637207,discovery_tumor_ML,6.335168361663818
Exp087295,8.581443786621094,discovery_tumor_ML,8.818181991577148
Exp087296,7.527907848358154,discovery_tumor_ML,8.50417709350586
Exp087297,7.78688907623291,discovery_tumor_ML,8.1929349899292
Exp087299,9.071707725524902,discovery_tumor_ML,8.412749290466309
Exp087300,6.663760662078857,discovery_tumor_ML,7.488141059875488
Exp087301,9.018186569213867,discovery_tumor_ML,8.708404541015625
Exp087302,8.976367950439453,discovery_tumor_ML,8.664868354797363
Exp087304,8.890449523925781,discovery_tumor_ML,8.57020378112793
Exp087317,8.860152244567871,discovery_tumor_ML,6.94116735458374
Exp087326,6.832019329071045,discovery_tumor_ML,7.88950252532959
Exp087347,5.436646938323975,discovery_tumor_ML,7.978718280792236
Exp087460,6.895477294921875,discovery_tumor_ML,9.481781959533691
Exp089258,7.308934211730957,discovery_tumor_ML,7.011080265045166
Exp079151,4.31699275970459,discovery_tumor_RCC,6.657828330993652
Exp079231,4.901821136474609,discovery_tumor_RCC,7.353496074676514
Exp079232,4.218926429748535,discovery_tumor_RCC,8.611953735351562
Exp079235,4.262672424316406,discovery_tumor_RCC,8.498695373535156
Exp081478,5.373973369598389,discovery_tumor_RCC,5.9782280921936035
Exp082752,8.151987075805664,discovery_tumor_RCC,7.286640644073486
Exp082753,6.921140193939209,discovery_tumor_RCC,6.705244541168213
Exp082754,5.781917572021484,discovery_tumor_RCC,8.276515007019043
Exp082755,6.607740879058838,discovery_tumor_RCC,7.620826721191406
Exp082756,6.657905578613281,discovery_tumor_RCC,7.627570629119873
Exp082757,6.657659530639648,discovery_tumor_RCC,7.165021896362305
Exp082758,6.710516452789307,discovery_tumor_RCC,6.852725028991699
Exp082759,5.098293304443359,discovery_tumor_RCC,6.500847339630127
Exp082760,7.0719804763793945,discovery_tumor_RCC,9.620645523071289
Exp082761,6.75405740737915,discovery_tumor_RCC,9.017769813537598
Exp082762,6.566912651062012,discovery_tumor_RCC,8.181007385253906
Exp082763,6.867178440093994,discovery_tumor_RCC,8.611042022705078
Exp082764,8.081838607788086,discovery_tumor_RCC,7.716902256011963
Exp082765,8.352947235107422,discovery_tumor_RCC,7.246649265289307
Exp082766,8.332351684570312,discovery_tumor_RCC,7.165280342102051
Exp082767,6.607478618621826,discovery_tumor_RCC,7.820650100708008
Exp082768,7.292588233947754,discovery_tumor_RCC,8.337538719177246
Exp082769,6.526541709899902,discovery_tumor_RCC,8.514591217041016
Exp082770,6.293937683105469,discovery_tumor_RCC,7.2529120445251465
Exp082772,7.544037342071533,discovery_tumor_RCC,8.051666259765625
Exp082773,7.174577236175537,discovery_tumor_RCC,8.136881828308105
Exp082774,6.424822807312012,discovery_tumor_RCC,5.641647815704346
Exp082775,7.217560768127441,discovery_tumor_RCC,9.554248809814453
Exp082777,6.840808868408203,discovery_tumor_RCC,5.307432651519775
Exp082778,8.534242630004883,discovery_tumor_RCC,6.933086395263672
Exp082779,8.120702743530273,discovery_tumor_RCC,8.055953025817871
Exp082780,8.059206008911133,discovery_tumor_RCC,8.365219116210938
Exp082781,6.987462997436523,discovery_tumor_RCC,8.010396957397461
Exp082782,7.772810459136963,discovery_tumor_RCC,8.36812973022461
Exp082783,8.53182315826416,discovery_tumor_RCC,7.542778015136719
Exp082784,7.208026885986328,discovery_tumor_RCC,7.875830173492432
Exp082785,4.50516414642334,discovery_tumor_RCC,6.900082111358643
Exp082786,7.2837629318237305,discovery_tumor_RCC,9.323841094970703
Exp082787,7.564640522003174,discovery_tumor_RCC,7.233819961547852
Exp082788,7.921291828155518,discovery_tumor_RCC,8.44019603729248
Exp082789,7.892660140991211,discovery_tumor_RCC,8.381625175476074
Exp082790,7.92036247253418,discovery_tumor_RCC,7.823577880859375
Exp082791,6.8522419929504395,discovery_tumor_RCC,8.194409370422363
Exp082792,7.710867881774902,discovery_tumor_RCC,7.714899063110352
Exp082793,7.349167346954346,discovery_tumor_RCC,8.521217346191406
Exp082794,7.592679977416992,discovery_tumor_RCC,6.977360248565674
Exp082795,7.426567554473877,discovery_tumor_RCC,8.284231185913086
Exp082796,6.697081565856934,discovery_tumor_RCC,8.322075843811035
Exp082797,7.386120319366455,discovery_tumor_RCC,9.020160675048828
Exp082798,7.397838115692139,discovery_tumor_RCC,8.531268119812012
Exp082799,6.893100738525391,discovery_tumor_RCC,7.348189353942871
Exp082800,7.356050968170166,discovery_tumor_RCC,7.987763404846191
Exp082801,7.766268253326416,discovery_tumor_RCC,7.80212926864624
Exp082802,7.8655595779418945,discovery_tumor_RCC,8.291479110717773
Exp082803,7.007680892944336,discovery_tumor_RCC,8.236343383789062
Exp082804,8.013930320739746,discovery_tumor_RCC,7.48233699798584
Exp082805,8.234641075134277,discovery_tumor_RCC,8.173995018005371
Exp082806,6.938181400299072,discovery_tumor_RCC,9.091864585876465
Exp082807,6.067253112792969,discovery_tumor_RCC,7.476706027984619
Exp082808,7.032752990722656,discovery_tumor_RCC,9.199321746826172
Exp082810,7.650665760040283,discovery_tumor_RCC,7.863080978393555
Exp082811,6.397218227386475,discovery_tumor_RCC,8.24705982208252
Exp082812,6.1363701820373535,discovery_tumor_RCC,7.875246047973633
Exp082813,4.9380269050598145,discovery_tumor_RCC,6.594099998474121
Exp082814,7.856330871582031,discovery_tumor_RCC,7.455926418304443
Exp082815,7.349061012268066,discovery_tumor_RCC,7.938908576965332
Exp082816,6.460201740264893,discovery_tumor_RCC,7.3953328132629395
Exp082817,7.725127696990967,discovery_tumor_RCC,7.519532203674316
Exp082818,7.25059700012207,discovery_tumor_RCC,8.09644603729248
Exp082819,7.998644828796387,discovery_tumor_RCC,8.140335083007812
Exp082820,7.6053853034973145,discovery_tumor_RCC,8.415964126586914
Exp082821,7.148965358734131,discovery_tumor_RCC,8.56336498260498
Exp082822,7.091369152069092,discovery_tumor_RCC,8.68270492553711
Exp082823,7.6602277755737305,discovery_tumor_RCC,8.140463829040527
Exp082824,7.15496301651001,discovery_tumor_RCC,8.166265487670898
Exp082825,7.906761646270752,discovery_tumor_RCC,8.196288108825684
Exp082826,7.807099342346191,discovery_tumor_RCC,8.256000518798828
Exp082827,6.7196736335754395,discovery_tumor_RCC,7.837808132171631
Exp082828,7.611703395843506,discovery_tumor_RCC,8.225025177001953
Exp082829,6.5469465255737305,discovery_tumor_RCC,7.763270854949951
Exp082830,6.670415878295898,discovery_tumor_RCC,6.837674140930176
Exp082831,6.0458664894104,discovery_tumor_RCC,8.024662017822266
Exp082832,5.183391094207764,discovery_tumor_RCC,6.119505882263184
Exp082833,7.096097946166992,discovery_tumor_RCC,8.257750511169434
Exp082834,6.04137659072876,discovery_tumor_RCC,7.922150135040283
Exp082835,7.711304664611816,discovery_tumor_RCC,7.483229637145996
Exp082836,7.138444900512695,discovery_tumor_RCC,7.1977763175964355
Exp082837,5.445497989654541,discovery_tumor_RCC,6.600856304168701
Exp082838,8.70727825164795,discovery_tumor_RCC,7.541451930999756
Exp082839,6.432042121887207,discovery_tumor_RCC,6.425271511077881
Exp082840,9.0327787399292,discovery_tumor_RCC,6.5007500648498535
Exp082841,9.53376579284668,discovery_tumor_RCC,6.347530841827393
Exp082842,4.334517002105713,discovery_tumor_RCC,7.4238786697387695
Exp082843,7.164566516876221,discovery_tumor_RCC,6.898286819458008
Exp082844,8.007134437561035,discovery_tumor_RCC,8.262439727783203
Exp082845,8.120820999145508,discovery_tumor_RCC,7.6342878341674805
Exp082846,8.514887809753418,discovery_tumor_RCC,7.867408752441406
Exp082847,7.98891019821167,discovery_tumor_RCC,8.390376091003418
Exp082848,8.340690612792969,discovery_tumor_RCC,7.892097473144531
Exp082849,8.128530502319336,discovery_tumor_RCC,7.969517230987549
Exp082850,4.527360439300537,discovery_tumor_RCC,6.9101948738098145
Exp082851,8.25607681274414,discovery_tumor_RCC,8.10507869720459
Exp082852,8.523693084716797,discovery_tumor_RCC,6.977837562561035
Exp082853,5.629345417022705,discovery_tumor_RCC,6.788060188293457
Exp082854,8.761987686157227,discovery_tumor_RCC,6.845812797546387
Exp082855,8.122836112976074,discovery_tumor_RCC,6.801664352416992
Exp082856,6.3666839599609375,discovery_tumor_RCC,6.9424848556518555
Exp082857,9.164663314819336,discovery_tumor_RCC,6.455384254455566
Exp082858,8.492291450500488,discovery_tumor_RCC,7.910916328430176
Exp082859,6.3839240074157715,discovery_tumor_RCC,6.815756797790527
Exp082860,4.389037132263184,discovery_tumor_RCC,7.479948043823242
Exp082861,7.774875640869141,discovery_tumor_RCC,9.435040473937988
Exp082862,7.014773368835449,discovery_tumor_RCC,7.139536380767822
Exp082863,7.869783878326416,discovery_tumor_RCC,7.121566295623779
Exp082864,5.5183210372924805,discovery_tumor_RCC,9.616890907287598
Exp082865,7.412273406982422,discovery_tumor_RCC,7.280980587005615
Exp082866,4.372732162475586,discovery_tumor_RCC,7.265308380126953
Exp082867,5.459549903869629,discovery_tumor_RCC,9.688908576965332
Exp082868,6.51654577255249,discovery_tumor_RCC,6.32347297668457
Exp082869,6.48561429977417,discovery_tumor_RCC,6.316282749176025
Exp082870,8.166688919067383,discovery_tumor_RCC,8.385504722595215
Exp082871,6.843570709228516,discovery_tumor_RCC,8.177736282348633
Exp082888,6.27743673324585,discovery_tumor_RCC,7.863148212432861
Exp087320,8.102320671081543,discovery_tumor_RCC,6.345855236053467
Exp087344,8.349186897277832,discovery_tumor_RCC,9.185916900634766
Exp087418,9.0308837890625,discovery_tumor_RCC,7.710901260375977
Exp075579,6.084374904632568,discovery_tumor_ESCA,5.379560947418213
Exp075591,7.84237003326416,discovery_tumor_ESCA,7.1821818351745605
Exp075593,5.860886573791504,discovery_tumor_ESCA,7.155071258544922
Exp076198,4.373724937438965,discovery_tumor_ESCA,8.667757034301758
Exp079163,5.6069440841674805,discovery_tumor_ESCA,7.760064125061035
Exp079174,4.334268569946289,discovery_tumor_ESCA,6.704816818237305
Exp079192,4.9194135665893555,discovery_tumor_ESCA,8.102500915527344
Exp079201,4.537506580352783,discovery_tumor_ESCA,8.200963020324707
Exp079218,5.30312442779541,discovery_tumor_ESCA,7.097179412841797
Exp079240,6.651457786560059,discovery_tumor_ESCA,9.041467666625977
Exp079254,6.388399124145508,discovery_tumor_ESCA,6.7312397956848145
Exp079276,6.404372692108154,discovery_tumor_ESCA,7.526338577270508
Exp079282,5.253761291503906,discovery_tumor_ESCA,6.9184184074401855
Exp081489,6.811180114746094,discovery_tumor_ESCA,8.948186874389648
Exp081581,5.788386344909668,discovery_tumor_ESCA,7.3242573738098145
Exp081582,6.561723232269287,discovery_tumor_ESCA,6.509103775024414
Exp082886,8.095120429992676,discovery_tumor_ESCA,8.258915901184082
Exp082937,5.424421787261963,discovery_tumor_ESCA,7.339295864105225
Exp082942,6.6435322761535645,discovery_tumor_ESCA,7.473265171051025
Exp082948,5.80342960357666,discovery_tumor_ESCA,7.351095199584961
Exp082950,5.826981067657471,discovery_tumor_ESCA,6.210209369659424
Exp082952,8.079222679138184,discovery_tumor_ESCA,8.084757804870605
Exp082953,5.84048318862915,discovery_tumor_ESCA,6.165828704833984
Exp082956,5.730223178863525,discovery_tumor_ESCA,6.35238790512085
Exp082974,8.828058242797852,discovery_tumor_ESCA,5.619858264923096
Exp082981,7.865778923034668,discovery_tumor_ESCA,6.13103723526001
Exp083921,9.205789566040039,discovery_tumor_ESCA,6.116568565368652
Exp083949,7.8168792724609375,discovery_tumor_ESCA,8.739540100097656
Exp083951,8.067132949829102,discovery_tumor_ESCA,8.219268798828125
Exp083965,8.652466773986816,discovery_tumor_ESCA,7.598672866821289
Exp083970,7.976945400238037,discovery_tumor_ESCA,8.462797164916992
Exp083976,6.467504024505615,discovery_tumor_ESCA,7.736574172973633
Exp083985,7.029421806335449,discovery_tumor_ESCA,7.562925815582275
Exp083986,6.817711353302002,discovery_tumor_ESCA,9.35813045501709
Exp087336,7.695383548736572,discovery_tumor_ESCA,8.187947273254395
Exp087338,8.83375072479248,discovery_tumor_ESCA,8.553648948669434
Exp087339,8.643108367919922,discovery_tumor_ESCA,8.583410263061523
Exp087340,7.676540851593018,discovery_tumor_ESCA,7.990527153015137
Exp087342,6.671786308288574,discovery_tumor_ESCA,7.645761013031006
Exp087345,8.933372497558594,discovery_tumor_ESCA,8.623883247375488
Exp087351,8.811049461364746,discovery_tumor_ESCA,8.064964294433594
Exp087454,8.942984580993652,discovery_tumor_ESCA,6.97349739074707
Exp072648,4.2978515625,discovery_tumor_LC,9.000438690185547
Exp072650,4.106136798858643,discovery_tumor_LC,9.161517143249512
Exp074382,6.665696144104004,discovery_tumor_LC,9.255071640014648
Exp074395,6.54818868637085,discovery_tumor_LC,9.18716812133789
Exp076158,5.987866401672363,discovery_tumor_LC,7.4743428230285645
Exp076174,5.098351001739502,discovery_tumor_LC,8.141019821166992
Exp078926,6.123959064483643,discovery_tumor_LC,9.48680305480957
Exp078927,5.154040813446045,discovery_tumor_LC,8.809759140014648
Exp078928,6.040170669555664,discovery_tumor_LC,5.512699127197266
Exp078931,4.93377685546875,discovery_tumor_LC,6.396097183227539
Exp078932,6.0702948570251465,discovery_tumor_LC,7.717889308929443
Exp078933,7.267162322998047,discovery_tumor_LC,7.0085906982421875
Exp078934,6.231222629547119,discovery_tumor_LC,5.76109504699707
Exp078936,6.097951889038086,discovery_tumor_LC,7.810348033905029
Exp078937,6.066620349884033,discovery_tumor_LC,8.206286430358887
Exp078938,5.59951114654541,discovery_tumor_LC,7.955817699432373
Exp078939,5.290534019470215,discovery_tumor_LC,8.791584968566895
Exp078940,6.6572771072387695,discovery_tumor_LC,8.98904800415039
Exp078941,6.664124488830566,discovery_tumor_LC,8.567533493041992
Exp078942,5.16780424118042,discovery_tumor_LC,9.370850563049316
Exp078943,4.570117473602295,discovery_tumor_LC,8.624415397644043
Exp078944,5.962790012359619,discovery_tumor_LC,8.2203950881958
Exp078945,4.959965705871582,discovery_tumor_LC,8.544411659240723
Exp078946,4.517989158630371,discovery_tumor_LC,7.805306911468506
Exp078947,4.211504936218262,discovery_tumor_LC,8.211892127990723
Exp078948,5.227897644042969,discovery_tumor_LC,6.170554161071777
Exp078949,4.894421100616455,discovery_tumor_LC,7.470003128051758
Exp078950,4.874781608581543,discovery_tumor_LC,8.715865135192871
Exp078951,4.590743064880371,discovery_tumor_LC,8.61568832397461
Exp078952,4.859581470489502,discovery_tumor_LC,6.805090427398682
Exp078953,8.672508239746094,discovery_tumor_LC,6.115691184997559
Exp078954,5.14738130569458,discovery_tumor_LC,9.527945518493652
Exp078955,5.007274627685547,discovery_tumor_LC,9.117803573608398
Exp078956,6.377671241760254,discovery_tumor_LC,9.613430976867676
Exp078957,5.383701324462891,discovery_tumor_LC,8.925990104675293
Exp078958,4.332277297973633,discovery_tumor_LC,8.550254821777344
Exp078959,4.7419819831848145,discovery_tumor_LC,9.055499076843262
Exp078960,4.584720611572266,discovery_tumor_LC,8.711977005004883
Exp078961,5.497884750366211,discovery_tumor_LC,9.967360496520996
Exp078962,6.537158012390137,discovery_tumor_LC,9.093659400939941
Exp078963,5.376038551330566,discovery_tumor_LC,8.833718299865723
Exp078964,5.289626598358154,discovery_tumor_LC,8.028851509094238
Exp078965,7.682565212249756,discovery_tumor_LC,6.2334113121032715
Exp078966,7.931063652038574,discovery_tumor_LC,8.570199012756348
Exp078967,4.82172966003418,discovery_tumor_LC,8.488508224487305
Exp078968,4.836580753326416,discovery_tumor_LC,8.425891876220703
Exp078969,4.287364482879639,discovery_tumor_LC,8.184296607971191
Exp078970,5.1709489822387695,discovery_tumor_LC,8.830743789672852
Exp078971,3.9922139644622803,discovery_tumor_LC,8.357266426086426
Exp078972,4.152231693267822,discovery_tumor_LC,8.160534858703613
Exp078973,4.503003120422363,discovery_tumor_LC,7.655719757080078
Exp078974,5.434957027435303,discovery_tumor_LC,8.28868579864502
Exp078975,4.060576438903809,discovery_tumor_LC,8.621526718139648
Exp078976,4.058126926422119,discovery_tumor_LC,8.756590843200684
Exp078977,4.091027736663818,discovery_tumor_LC,7.719677925109863
Exp078978,4.048559665679932,discovery_tumor_LC,7.953338623046875
Exp078979,4.741185188293457,discovery_tumor_LC,8.986227035522461
Exp078980,3.925004720687866,discovery_tumor_LC,8.27171802520752
Exp078981,3.953840732574463,discovery_tumor_LC,8.545089721679688
Exp078982,7.910459995269775,discovery_tumor_LC,6.845846176147461
Exp078983,4.646844387054443,discovery_tumor_LC,8.588369369506836
Exp078984,3.73765230178833,discovery_tumor_LC,8.630533218383789
Exp078985,4.066450595855713,discovery_tumor_LC,8.655861854553223
Exp078986,4.281938076019287,discovery_tumor_LC,9.18255615234375
Exp078987,7.883447647094727,discovery_tumor_LC,8.395639419555664
Exp078988,3.9797492027282715,discovery_tumor_LC,8.529398918151855
Exp078989,4.167848110198975,discovery_tumor_LC,8.931071281433105
Exp078990,3.9685330390930176,discovery_tumor_LC,9.372322082519531
Exp078991,3.9135653972625732,discovery_tumor_LC,8.735137939453125
Exp078992,3.69374680519104,discovery_tumor_LC,9.07790470123291
Exp078993,4.020544052124023,discovery_tumor_LC,8.989664077758789
Exp078994,3.789973258972168,discovery_tumor_LC,8.871586799621582
Exp078995,3.9911234378814697,discovery_tumor_LC,9.265986442565918
Exp078996,3.790447473526001,discovery_tumor_LC,8.609506607055664
Exp078997,4.018341541290283,discovery_tumor_LC,8.759391784667969
Exp078998,4.44227409362793,discovery_tumor_LC,9.35251522064209
Exp078999,3.9268314838409424,discovery_tumor_LC,9.12742805480957
Exp079000,4.126779556274414,discovery_tumor_LC,9.297135353088379
Exp079002,5.053430557250977,discovery_tumor_LC,9.35615062713623
Exp079003,4.432362079620361,discovery_tumor_LC,9.057971000671387
Exp079004,3.8260462284088135,discovery_tumor_LC,9.124541282653809
Exp079005,3.8954708576202393,discovery_tumor_LC,8.833166122436523
Exp079006,5.381890296936035,discovery_tumor_LC,9.76662826538086
Exp079007,4.272861003875732,discovery_tumor_LC,8.85539722442627
Exp079008,3.704516649246216,discovery_tumor_LC,9.458785057067871
Exp079009,3.982179641723633,discovery_tumor_LC,9.219382286071777
Exp079010,3.7707974910736084,discovery_tumor_LC,9.096907615661621
Exp079011,3.842203378677368,discovery_tumor_LC,9.43775463104248
Exp079012,7.266076564788818,discovery_tumor_LC,8.220202445983887
Exp079014,5.352091312408447,discovery_tumor_LC,9.765044212341309
Exp079015,6.105886936187744,discovery_tumor_LC,9.603192329406738
Exp079016,5.958161354064941,discovery_tumor_LC,9.21438217163086
Exp079017,5.768125534057617,discovery_tumor_LC,9.224746704101562
Exp079018,5.035421371459961,discovery_tumor_LC,8.46590518951416
Exp079019,3.7570669651031494,discovery_tumor_LC,9.382365226745605
Exp079020,3.8430728912353516,discovery_tumor_LC,9.225075721740723
Exp079021,4.647770881652832,discovery_tumor_LC,9.089216232299805
Exp079022,4.726748466491699,discovery_tumor_LC,8.645834922790527
Exp079023,3.6920366287231445,discovery_tumor_LC,9.021864891052246
Exp079025,5.72992467880249,discovery_tumor_LC,9.354379653930664
Exp079026,5.307908058166504,discovery_tumor_LC,9.801384925842285
Exp079027,5.74628210067749,discovery_tumor_LC,9.140254974365234
Exp079028,6.808841705322266,discovery_tumor_LC,7.335838317871094
Exp079029,5.720852375030518,discovery_tumor_LC,8.891083717346191
Exp079030,7.033073425292969,discovery_tumor_LC,7.708719253540039
Exp079031,5.638270854949951,discovery_tumor_LC,9.247572898864746
Exp079032,3.4396347999572754,discovery_tumor_LC,9.146617889404297
Exp079033,4.114407539367676,discovery_tumor_LC,8.878219604492188
Exp079034,3.7924113273620605,discovery_tumor_LC,9.390707969665527
Exp079035,3.5075438022613525,discovery_tumor_LC,9.224392890930176
Exp079036,3.4766132831573486,discovery_tumor_LC,9.222909927368164
Exp079037,3.398817539215088,discovery_tumor_LC,9.06816291809082
Exp079038,3.495112895965576,discovery_tumor_LC,9.231534957885742
Exp079039,3.275960683822632,discovery_tumor_LC,9.051568984985352
Exp079040,3.491460084915161,discovery_tumor_LC,9.320979118347168
Exp079041,3.6107177734375,discovery_tumor_LC,9.410377502441406
Exp079042,5.482913494110107,discovery_tumor_LC,8.981449127197266
Exp079043,5.723935604095459,discovery_tumor_LC,9.292268753051758
Exp079044,5.918275356292725,discovery_tumor_LC,9.5057373046875
Exp079045,7.130227088928223,discovery_tumor_LC,7.223999977111816
Exp079046,6.090099334716797,discovery_tumor_LC,10.00452995300293
Exp079047,5.295406818389893,discovery_tumor_LC,7.633338928222656
Exp079048,4.890962600708008,discovery_tumor_LC,6.468351364135742
Exp079049,4.429518699645996,discovery_tumor_LC,6.802041530609131
Exp079050,5.600238800048828,discovery_tumor_LC,9.252486228942871
Exp079051,6.249178886413574,discovery_tumor_LC,5.430239677429199
Exp079052,6.119465351104736,discovery_tumor_LC,9.197092056274414
Exp079053,6.639523506164551,discovery_tumor_LC,8.326926231384277
Exp079054,6.737493991851807,discovery_tumor_LC,8.164334297180176
Exp079055,4.806536674499512,discovery_tumor_LC,6.896508693695068
Exp079056,7.078553199768066,discovery_tumor_LC,8.408428192138672
Exp079057,5.023739814758301,discovery_tumor_LC,7.87369966506958
Exp079058,4.4495415687561035,discovery_tumor_LC,7.192550182342529
Exp079059,3.5369534492492676,discovery_tumor_LC,9.359919548034668
Exp079060,4.979555130004883,discovery_tumor_LC,9.374439239501953
Exp079061,3.573485851287842,discovery_tumor_LC,9.169403076171875
Exp079062,3.9085781574249268,discovery_tumor_LC,9.290213584899902
Exp079063,3.55698823928833,discovery_tumor_LC,9.345353126525879
Exp079064,4.242434501647949,discovery_tumor_LC,9.182188034057617
Exp079065,3.619715452194214,discovery_tumor_LC,8.862190246582031
Exp079066,3.3610448837280273,discovery_tumor_LC,9.119147300720215
Exp079067,3.93210506439209,discovery_tumor_LC,8.808375358581543
Exp079068,3.4738335609436035,discovery_tumor_LC,9.329307556152344
Exp079069,3.4509496688842773,discovery_tumor_LC,9.30002212524414
Exp079070,3.474027156829834,discovery_tumor_LC,9.090438842773438
Exp079071,3.383387327194214,discovery_tumor_LC,9.079533576965332
Exp079072,3.318000316619873,discovery_tumor_LC,9.09875774383545
Exp079073,4.069351673126221,discovery_tumor_LC,8.250405311584473
Exp079074,4.220483779907227,discovery_tumor_LC,7.324108600616455
Exp079075,3.5622098445892334,discovery_tumor_LC,9.171347618103027
Exp079076,3.4918322563171387,discovery_tumor_LC,8.793023109436035
Exp079077,3.9635777473449707,discovery_tumor_LC,7.835496425628662
Exp079078,4.891320705413818,discovery_tumor_LC,8.654508590698242
Exp079079,5.5040154457092285,discovery_tumor_LC,9.777767181396484
Exp079080,6.592454433441162,discovery_tumor_LC,8.639493942260742
Exp079081,5.518808841705322,discovery_tumor_LC,9.455516815185547
Exp079082,5.716872692108154,discovery_tumor_LC,9.511682510375977
Exp079083,5.595667839050293,discovery_tumor_LC,9.900472640991211
Exp079084,5.458946704864502,discovery_tumor_LC,9.669769287109375
Exp079085,5.598339557647705,discovery_tumor_LC,9.443652153015137
Exp079086,5.654208660125732,discovery_tumor_LC,8.141751289367676
Exp079087,5.469362258911133,discovery_tumor_LC,9.31676959991455
Exp079088,5.6852264404296875,discovery_tumor_LC,9.699459075927734
Exp079089,7.605331897735596,discovery_tumor_LC,10.337474822998047
Exp079090,7.2159881591796875,discovery_tumor_LC,7.0224289894104
Exp079091,6.2702131271362305,discovery_tumor_LC,9.921975135803223
Exp079092,7.499096393585205,discovery_tumor_LC,10.359281539916992
Exp079093,7.426021575927734,discovery_tumor_LC,10.427319526672363
Exp079094,7.4209160804748535,discovery_tumor_LC,10.360892295837402
Exp079095,6.037473678588867,discovery_tumor_LC,9.983778953552246
Exp079096,5.716664791107178,discovery_tumor_LC,9.662220001220703
Exp079097,6.049402236938477,discovery_tumor_LC,8.946698188781738
Exp079098,7.5349836349487305,discovery_tumor_LC,10.426348686218262
Exp079099,5.845034122467041,discovery_tumor_LC,9.887737274169922
Exp079100,7.644887924194336,discovery_tumor_LC,10.33339786529541
Exp079101,5.855189323425293,discovery_tumor_LC,9.0173921585083
Exp079102,7.221452713012695,discovery_tumor_LC,10.193939208984375
Exp079103,6.51686429977417,discovery_tumor_LC,9.95559024810791
Exp079107,5.218729019165039,discovery_tumor_LC,9.440337181091309
Exp079108,7.464241027832031,discovery_tumor_LC,10.357675552368164
Exp079109,6.5530805587768555,discovery_tumor_LC,8.857256889343262
Exp079110,4.87471342086792,discovery_tumor_LC,8.145874977111816
Exp079111,5.426244258880615,discovery_tumor_LC,9.09981632232666
Exp079112,5.496452808380127,discovery_tumor_LC,9.102039337158203
Exp079113,5.503304481506348,discovery_tumor_LC,8.082218170166016
Exp079114,5.599027156829834,discovery_tumor_LC,7.7233357429504395
Exp079115,4.27122163772583,discovery_tumor_LC,8.557414054870605
Exp079116,6.730658054351807,discovery_tumor_LC,8.949438095092773
Exp079117,6.021026134490967,discovery_tumor_LC,10.002079010009766
Exp079118,7.44991397857666,discovery_tumor_LC,8.457796096801758
Exp079119,7.621619701385498,discovery_tumor_LC,8.893085479736328
Exp079120,5.065367221832275,discovery_tumor_LC,6.58291482925415
Exp079121,7.898209095001221,discovery_tumor_LC,8.9688720703125
Exp079122,6.743276119232178,discovery_tumor_LC,7.1830244064331055
Exp079123,5.66074275970459,discovery_tumor_LC,8.889419555664062
Exp079124,6.108985424041748,discovery_tumor_LC,7.053292274475098
Exp079125,5.86443567276001,discovery_tumor_LC,8.412107467651367
Exp079126,5.122626304626465,discovery_tumor_LC,6.3131208419799805
Exp079127,7.546730995178223,discovery_tumor_LC,8.777464866638184
Exp079128,5.795582294464111,discovery_tumor_LC,8.818538665771484
Exp079129,5.5780205726623535,discovery_tumor_LC,7.739991664886475
Exp079130,6.425958156585693,discovery_tumor_LC,8.498894691467285
Exp079131,6.669994354248047,discovery_tumor_LC,7.119538307189941
Exp079132,5.573898792266846,discovery_tumor_LC,7.800139904022217
Exp079133,7.682667255401611,discovery_tumor_LC,10.316689491271973
Exp079134,7.753203392028809,discovery_tumor_LC,9.751358985900879
Exp079135,7.787575721740723,discovery_tumor_LC,9.753870010375977
Exp079136,7.653054714202881,discovery_tumor_LC,10.216984748840332
Exp079137,7.666207313537598,discovery_tumor_LC,10.25187873840332
Exp082882,7.290703296661377,discovery_tumor_LC,6.718459129333496
Exp083953,6.133670806884766,discovery_tumor_LC,7.965599060058594
Exp083954,6.094736576080322,discovery_tumor_LC,8.846755981445312
Exp083955,7.313119888305664,discovery_tumor_LC,6.749415874481201
Exp083967,6.746840953826904,discovery_tumor_LC,7.285629749298096
Exp083969,6.751091957092285,discovery_tumor_LC,8.16650676727295
Exp083971,6.467055797576904,discovery_tumor_LC,5.29075813293457
Exp083972,7.367452144622803,discovery_tumor_LC,6.916476249694824
Exp083973,6.903212070465088,discovery_tumor_LC,8.037107467651367
Exp083974,7.440519332885742,discovery_tumor_LC,7.555006980895996
Exp083975,8.442892074584961,discovery_tumor_LC,6.1045241355896
Exp083978,6.1613240242004395,discovery_tumor_LC,5.426513671875
Exp083979,6.992964744567871,discovery_tumor_LC,5.4036126136779785
Exp083980,6.442723274230957,discovery_tumor_LC,5.388189315795898
Exp083981,5.937335014343262,discovery_tumor_LC,5.507585525512695
Exp083982,6.689651966094971,discovery_tumor_LC,7.20460844039917
Exp083983,7.842529296875,discovery_tumor_LC,7.3124847412109375
Exp083984,7.9504618644714355,discovery_tumor_LC,6.918863773345947
Exp083987,7.605705738067627,discovery_tumor_LC,7.663261413574219
Exp083988,6.033190727233887,discovery_tumor_LC,9.327494621276855
Exp083989,8.049838066101074,discovery_tumor_LC,6.983638763427734
Exp087451,9.338669776916504,discovery_tumor_LC,6.287959575653076
Exp072638,4.197897434234619,discovery_tumor_OVCA,9.570243835449219
Exp079175,4.742977142333984,discovery_tumor_OVCA,6.278872489929199
Exp079191,4.856862545013428,discovery_tumor_OVCA,8.02825927734375
Exp079203,5.199429512023926,discovery_tumor_OVCA,8.451553344726562
Exp079204,4.577254295349121,discovery_tumor_OVCA,7.825333595275879
Exp079215,4.37078857421875,discovery_tumor_OVCA,6.44076681137085
Exp079230,5.958840370178223,discovery_tumor_OVCA,9.489891052246094
Exp079233,4.630510330200195,discovery_tumor_OVCA,8.130451202392578
Exp079238,4.467430591583252,discovery_tumor_OVCA,8.332813262939453
Exp079263,5.826519966125488,discovery_tumor_OVCA,7.801381587982178
Exp079266,5.430184841156006,discovery_tumor_OVCA,8.307783126831055
Exp079289,6.01642370223999,discovery_tumor_OVCA,8.987527847290039
Exp081463,4.9502787590026855,discovery_tumor_OVCA,6.280589580535889
Exp081471,6.090731620788574,discovery_tumor_OVCA,5.507126808166504
Exp081476,6.2217116355896,discovery_tumor_OVCA,7.99540376663208
Exp081492,5.53123140335083,discovery_tumor_OVCA,7.701419830322266
Exp081575,5.194504737854004,discovery_tumor_OVCA,6.50272274017334
Exp081576,6.031037330627441,discovery_tumor_OVCA,7.322671890258789
Exp082986,7.502012729644775,discovery_tumor_OVCA,6.853974342346191
Exp082994,8.917696952819824,discovery_tumor_OVCA,6.505212783813477
Exp087313,9.032681465148926,discovery_tumor_OVCA,7.129019737243652
Exp087324,8.455788612365723,discovery_tumor_OVCA,8.930831909179688
Exp087337,8.744338989257812,discovery_tumor_OVCA,8.597143173217773
Exp087450,9.109556198120117,discovery_tumor_OVCA,7.612504005432129
Exp072643,4.091816425323486,discovery_tumor_others,9.546073913574219
Exp075582,5.025667667388916,discovery_tumor_others,6.667950630187988
Exp075587,4.952931880950928,discovery_tumor_others,6.389492988586426
Exp075590,6.032073974609375,discovery_tumor_others,7.3059844970703125
Exp075592,5.959007263183594,discovery_tumor_others,7.352737903594971
Exp079140,5.273653030395508,discovery_tumor_others,8.581932067871094
Exp079144,4.7439727783203125,discovery_tumor_others,6.424373149871826
Exp079149,5.916086196899414,discovery_tumor_others,7.091876029968262
Exp079154,5.669600009918213,discovery_tumor_others,7.848560810089111
Exp079180,4.363035678863525,discovery_tumor_others,7.4594035148620605
Exp079186,6.700732707977295,discovery_tumor_others,8.545594215393066
Exp079193,7.174478530883789,discovery_tumor_others,8.490711212158203
Exp079197,6.40898323059082,discovery_tumor_others,8.158157348632812
Exp079205,5.327194690704346,discovery_tumor_others,8.22590446472168
Exp079220,4.965968132019043,discovery_tumor_others,7.7226057052612305
Exp079223,5.5510101318359375,discovery_tumor_others,6.280233383178711
Exp079225,7.102747440338135,discovery_tumor_others,7.130334854125977
Exp079241,5.096096515655518,discovery_tumor_others,7.771420001983643
Exp079243,6.735241413116455,discovery_tumor_others,6.444058418273926
Exp079247,5.764511585235596,discovery_tumor_others,9.376103401184082
Exp079252,5.575667858123779,discovery_tumor_others,8.802478790283203
Exp079274,6.147652626037598,discovery_tumor_others,8.495686531066895
Exp079285,6.570206165313721,discovery_tumor_others,7.508036136627197
Exp081461,4.988399028778076,discovery_tumor_others,8.108824729919434
Exp081477,7.357559680938721,discovery_tumor_others,7.648087978363037
Exp081480,5.774503707885742,discovery_tumor_others,6.851667404174805
Exp081482,6.268527984619141,discovery_tumor_others,5.7836174964904785
Exp081485,6.945833683013916,discovery_tumor_others,8.192910194396973
Exp081488,6.496445655822754,discovery_tumor_others,5.995696544647217
Exp081491,6.54751443862915,discovery_tumor_others,6.623520374298096
Exp081571,6.251168251037598,discovery_tumor_others,7.2602128982543945
Exp081572,5.938681602478027,discovery_tumor_others,7.296967506408691
Exp081577,6.291332244873047,discovery_tumor_others,8.294411659240723
Exp081586,6.534579753875732,discovery_tumor_others,7.205381870269775
Exp082904,8.10255241394043,discovery_tumor_others,6.382904052734375
Exp082910,5.853562831878662,discovery_tumor_others,8.528403282165527
Exp082919,5.983746528625488,discovery_tumor_others,8.494872093200684
Exp082932,5.876515865325928,discovery_tumor_others,7.704048156738281
Exp082938,6.007798671722412,discovery_tumor_others,6.956275463104248
Exp082940,5.781242847442627,discovery_tumor_others,6.584412574768066
Exp082975,6.100732803344727,discovery_tumor_others,6.192445755004883
Exp082987,6.163824081420898,discovery_tumor_others,7.907794952392578
Exp082991,7.121254920959473,discovery_tumor_others,7.651675224304199
Exp082993,6.705210208892822,discovery_tumor_others,5.223759651184082
Exp082997,8.238134384155273,discovery_tumor_others,6.022126197814941
Exp082998,7.9333343505859375,discovery_tumor_others,5.990159034729004
Exp083918,5.533115863800049,discovery_tumor_others,9.368293762207031
Exp083956,7.320370197296143,discovery_tumor_others,6.767936706542969
Exp083962,5.866535663604736,discovery_tumor_others,7.9711785316467285
Exp087321,7.077641010284424,discovery_tumor_others,7.713888168334961
Exp087360,9.250469207763672,discovery_tumor_others,6.941580772399902
Exp087362,9.202607154846191,discovery_tumor_others,6.798681735992432
Exp087429,8.231168746948242,discovery_tumor_others,6.38037633895874
Exp087465,9.584284782409668,discovery_tumor_others,6.375301837921143
Exp087469,9.802430152893066,discovery_tumor_others,6.9416656494140625
Exp087471,9.559252738952637,discovery_tumor_others,6.986090183258057
Exp079177,4.608429908752441,discovery_tumor_STAD,6.74129056930542
Exp079182,5.356074333190918,discovery_tumor_STAD,7.362723350524902
Exp079187,7.126276969909668,discovery_tumor_STAD,6.750608921051025
Exp079194,4.674502372741699,discovery_tumor_STAD,8.954644203186035
Exp079242,5.228183746337891,discovery_tumor_STAD,7.4042067527771
Exp079251,5.959500312805176,discovery_tumor_STAD,9.097114562988281
Exp079259,5.808548450469971,discovery_tumor_STAD,8.210199356079102
Exp079262,5.255726337432861,discovery_tumor_STAD,8.463179588317871
Exp079267,4.791970252990723,discovery_tumor_STAD,7.871425151824951
Exp079277,4.95526123046875,discovery_tumor_STAD,7.91809606552124
Exp079298,6.412961006164551,discovery_tumor_STAD,7.550539970397949
Exp081464,4.561423301696777,discovery_tumor_STAD,7.593094348907471
Exp081493,6.335786819458008,discovery_tumor_STAD,6.856173038482666
Exp081583,6.005279541015625,discovery_tumor_STAD,7.4090752601623535
Exp081585,5.71580171585083,discovery_tumor_STAD,7.066282272338867
Exp081623,8.324064254760742,discovery_tumor_STAD,6.536673069000244
Exp082931,5.464201927185059,discovery_tumor_STAD,6.84372615814209
Exp082946,7.9595232009887695,discovery_tumor_STAD,8.643830299377441
Exp082947,7.368425369262695,discovery_tumor_STAD,7.462223529815674
Exp087319,8.706493377685547,discovery_tumor_STAD,6.2962470054626465
Exp079164,6.226947784423828,discovery_tumor_STAD,8.563247680664062
Exp079173,4.917314052581787,discovery_tumor_STAD,7.9596662521362305
Exp079224,5.836041450500488,discovery_tumor_STAD,7.868276119232178
Exp079250,6.479231357574463,discovery_tumor_STAD,9.622171401977539
Exp079258,6.536092281341553,discovery_tumor_STAD,7.662714004516602
Exp079264,5.963406085968018,discovery_tumor_STAD,5.482776165008545
Exp079268,6.219582557678223,discovery_tumor_STAD,5.5196003913879395
Exp079299,7.800290107727051,discovery_tumor_STAD,7.420778274536133
Exp081584,5.84702730178833,discovery_tumor_STAD,7.1555376052856445
Exp087310,8.58658218383789,discovery_tumor_STAD,8.026363372802734
Exp087314,8.591950416564941,discovery_tumor_STAD,6.87922477722168
Exp087323,7.312463283538818,discovery_tumor_STAD,8.529623985290527
Exp074390,5.950097560882568,discovery_tumor_STAD,8.304486274719238
Exp076179,7.390020847320557,discovery_tumor_STAD,6.941068649291992
Exp079227,6.2078657150268555,discovery_tumor_STAD,5.558034420013428
Exp079236,4.420802593231201,discovery_tumor_STAD,8.504862785339355
Exp079239,4.9581522941589355,discovery_tumor_STAD,7.813096046447754
Exp079256,5.796520709991455,discovery_tumor_STAD,7.994572162628174
Exp079281,5.066648006439209,discovery_tumor_STAD,8.33134937286377
Exp079291,6.523407936096191,discovery_tumor_STAD,8.909309387207031
Exp079296,6.150678634643555,discovery_tumor_STAD,5.730045795440674
Exp079304,4.336083889007568,discovery_tumor_STAD,6.639941692352295
Exp082913,8.287434577941895,discovery_tumor_STAD,6.30204439163208
Exp082979,6.090229511260986,discovery_tumor_STAD,7.906285285949707
Exp083007,8.335186004638672,discovery_tumor_STAD,7.581668376922607
Exp087311,7.827706336975098,discovery_tumor_STAD,6.298482894897461
Exp087449,8.633781433105469,discovery_tumor_STAD,6.119197368621826
Exp076153,6.796809196472168,discovery_tumor_CHOL,8.307188987731934
Exp079150,5.564847946166992,discovery_tumor_CHOL,8.467137336730957
Exp079153,6.368905067443848,discovery_tumor_CHOL,6.450716972351074
Exp079168,4.51253080368042,discovery_tumor_CHOL,7.146663188934326
Exp079208,4.217706680297852,discovery_tumor_CHOL,7.096896648406982
Exp079217,5.212623119354248,discovery_tumor_CHOL,8.518516540527344
Exp079293,6.507883548736572,discovery_tumor_CHOL,5.28544282913208
Exp079306,4.43845272064209,discovery_tumor_CHOL,6.846539497375488
Exp081490,6.54672384262085,discovery_tumor_CHOL,5.293728828430176
Exp081569,7.367061614990234,discovery_tumor_CHOL,6.0745720863342285
Exp081570,5.933355808258057,discovery_tumor_CHOL,6.539119243621826
Exp083968,5.260663986206055,discovery_tumor_CHOL,8.361645698547363
Exp087316,8.36131763458252,discovery_tumor_CHOL,8.117316246032715
Exp087327,7.707952976226807,discovery_tumor_CHOL,8.89326286315918
Exp087335,7.074880123138428,discovery_tumor_CHOL,5.464010238647461
Exp087341,6.392681121826172,discovery_tumor_CHOL,7.533288478851318
Exp087346,8.549539566040039,discovery_tumor_CHOL,8.880121231079102
Exp087420,9.257566452026367,discovery_tumor_CHOL,7.687641620635986
Exp076167,5.408928394317627,discovery_tumor_BRCA,9.77104663848877
Exp079139,6.0535736083984375,discovery_tumor_BRCA,7.981381416320801
Exp079145,5.619276523590088,discovery_tumor_BRCA,8.395112991333008
Exp081589,6.711535930633545,discovery_tumor_BRCA,6.900854110717773
Exp081592,7.613619804382324,discovery_tumor_BRCA,7.34132719039917
Exp081593,6.765938758850098,discovery_tumor_BRCA,6.530909061431885
Exp081594,6.455606937408447,discovery_tumor_BRCA,6.821044921875
Exp081597,8.091647148132324,discovery_tumor_BRCA,6.251871109008789
Exp081598,6.304821014404297,discovery_tumor_BRCA,5.32194185256958
Exp081603,8.196495056152344,discovery_tumor_BRCA,6.335460662841797
Exp081606,8.443038940429688,discovery_tumor_BRCA,5.773852825164795
Exp081609,8.514037132263184,discovery_tumor_BRCA,5.853789329528809
Exp081610,7.704878807067871,discovery_tumor_BRCA,5.9764909744262695
Exp081613,7.7007222175598145,discovery_tumor_BRCA,7.525864601135254
Exp081615,9.022049903869629,discovery_tumor_BRCA,5.664146900177002
Exp081616,8.582610130310059,discovery_tumor_BRCA,6.123323917388916
Exp081617,8.170562744140625,discovery_tumor_BRCA,5.971075534820557
Exp081618,8.442419052124023,discovery_tumor_BRCA,5.468729019165039
Exp081619,5.521000385284424,discovery_tumor_BRCA,5.838943004608154
Exp081621,7.383957862854004,discovery_tumor_BRCA,7.322277545928955
Exp081622,6.730560302734375,discovery_tumor_BRCA,6.955512523651123
Exp082891,6.331597805023193,discovery_tumor_BRCA,8.839982032775879
Exp082954,5.798164367675781,discovery_tumor_BRCA,6.344167709350586
Exp082966,9.100502014160156,discovery_tumor_BRCA,5.54164457321167
Exp082977,8.903639793395996,discovery_tumor_BRCA,5.491368770599365
Exp082982,9.156167030334473,discovery_tumor_BRCA,5.543623447418213
Exp082983,9.110952377319336,discovery_tumor_BRCA,5.715002059936523
Exp082985,8.7296781539917,discovery_tumor_BRCA,6.051047325134277
Exp082996,7.657985210418701,discovery_tumor_BRCA,6.497711181640625
Exp082999,7.787670135498047,discovery_tumor_BRCA,5.8363728523254395
Exp083000,8.496827125549316,discovery_tumor_BRCA,6.588135719299316
Exp083001,8.782537460327148,discovery_tumor_BRCA,5.829550743103027
Exp083002,8.761930465698242,discovery_tumor_BRCA,6.383121490478516
Exp083003,8.066346168518066,discovery_tumor_BRCA,6.121646404266357
Exp083004,8.370889663696289,discovery_tumor_BRCA,5.568233966827393
Exp083005,8.192936897277832,discovery_tumor_BRCA,5.514611721038818
Exp083006,8.943419456481934,discovery_tumor_BRCA,6.202199459075928
Exp083008,8.117171287536621,discovery_tumor_BRCA,6.247195243835449
Exp083919,9.105782508850098,discovery_tumor_BRCA,5.464173793792725
Exp083922,8.960043907165527,discovery_tumor_BRCA,5.788478851318359
Exp083923,9.27757740020752,discovery_tumor_BRCA,5.597329616546631
Exp083925,8.988816261291504,discovery_tumor_BRCA,5.5201096534729
Exp083926,8.606222152709961,discovery_tumor_BRCA,5.4277801513671875
Exp083927,6.639167308807373,discovery_tumor_BRCA,7.845116138458252
Exp083928,7.970269680023193,discovery_tumor_BRCA,5.6220574378967285
Exp083929,7.781979560852051,discovery_tumor_BRCA,5.915846347808838
Exp083930,7.824729919433594,discovery_tumor_BRCA,7.0609025955200195
Exp083931,9.089388847351074,discovery_tumor_BRCA,5.915804862976074
Exp083938,6.030736446380615,discovery_tumor_BRCA,8.244503021240234
Exp083939,8.429145812988281,discovery_tumor_BRCA,6.602109909057617
Exp083940,8.526506423950195,discovery_tumor_BRCA,5.809433460235596
Exp083945,8.663399696350098,discovery_tumor_BRCA,6.690588474273682
Exp083946,7.088625431060791,discovery_tumor_BRCA,5.28533935546875
Exp083948,7.632687568664551,discovery_tumor_BRCA,6.7206902503967285
Exp083950,8.807002067565918,discovery_tumor_BRCA,6.466581344604492
Exp083957,5.992648601531982,discovery_tumor_BRCA,8.502087593078613
Exp083960,8.265161514282227,discovery_tumor_BRCA,5.536489486694336
Exp083963,7.844040870666504,discovery_tumor_BRCA,6.403987407684326
Exp083964,8.622629165649414,discovery_tumor_BRCA,6.887157917022705
Exp083977,6.6609272956848145,discovery_tumor_BRCA,7.645459175109863
Exp087305,8.745224952697754,discovery_tumor_BRCA,5.958549499511719
Exp087328,8.656388282775879,discovery_tumor_BRCA,8.653119087219238
Exp087330,9.052373886108398,discovery_tumor_BRCA,8.937671661376953
Exp087348,8.861200332641602,discovery_tumor_BRCA,8.031071662902832
Exp087353,8.69807243347168,discovery_tumor_BRCA,8.81118106842041
Exp087354,8.83612060546875,discovery_tumor_BRCA,8.2234525680542
Exp087355,8.96054458618164,discovery_tumor_BRCA,8.617630958557129
Exp087356,8.949797630310059,discovery_tumor_BRCA,7.877209186553955
Exp087359,9.279769897460938,discovery_tumor_BRCA,6.907454967498779
Exp087364,9.152867317199707,discovery_tumor_BRCA,6.864325046539307
Exp087366,9.258610725402832,discovery_tumor_BRCA,6.629591941833496
Exp087415,9.306330680847168,discovery_tumor_BRCA,7.030352592468262
Exp087417,8.764338493347168,discovery_tumor_BRCA,6.878393650054932
Exp087419,9.347206115722656,discovery_tumor_BRCA,6.682061672210693
Exp087421,9.401235580444336,discovery_tumor_BRCA,6.640456676483154
Exp087424,9.436575889587402,discovery_tumor_BRCA,6.508142471313477
Exp087427,9.51763916015625,discovery_tumor_BRCA,6.301567077636719
Exp087428,9.210808753967285,discovery_tumor_BRCA,6.657488822937012
Exp087430,9.542661666870117,discovery_tumor_BRCA,6.901590824127197
Exp087431,9.587910652160645,discovery_tumor_BRCA,7.449972629547119
Exp087432,9.658651351928711,discovery_tumor_BRCA,6.936446189880371
Exp087433,9.750862121582031,discovery_tumor_BRCA,6.894567489624023
Exp087435,5.940861701965332,discovery_tumor_BRCA,9.581496238708496
Exp087439,9.626309394836426,discovery_tumor_BRCA,7.069461822509766
Exp087441,9.060399055480957,discovery_tumor_BRCA,6.624403953552246
Exp087445,9.77768611907959,discovery_tumor_BRCA,6.84227180480957
Exp087446,8.428272247314453,discovery_tumor_BRCA,6.754005432128906
Exp087447,9.719999313354492,discovery_tumor_BRCA,6.785265922546387
Exp087456,9.672163963317871,discovery_tumor_BRCA,6.783959865570068
Exp087458,9.6605224609375,discovery_tumor_BRCA,6.466972827911377
Exp087463,9.79491901397705,discovery_tumor_BRCA,6.812683582305908
Exp087464,6.329952239990234,discovery_tumor_BRCA,9.623165130615234
Exp087466,9.602956771850586,discovery_tumor_BRCA,6.379489421844482
Exp087468,9.665971755981445,discovery_tumor_BRCA,6.504552841186523
Exp087472,7.561606407165527,discovery_tumor_BRCA,9.658881187438965
Exp087474,9.327322959899902,discovery_tumor_BRCA,6.922889709472656
Exp087475,8.927740097045898,discovery_tumor_BRCA,6.172786712646484
Exp079138,5.990832328796387,discovery_tumor_SARC,8.520301818847656
Exp079161,5.04185152053833,discovery_tumor_SARC,7.784518241882324
Exp079171,5.529074668884277,discovery_tumor_SARC,9.683914184570312
Exp079237,4.334123134613037,discovery_tumor_SARC,8.412873268127441
Exp079269,8.135037422180176,discovery_tumor_SARC,5.404236793518066
Exp079271,5.732927322387695,discovery_tumor_SARC,8.581780433654785
Exp079278,6.341899871826172,discovery_tumor_SARC,9.303157806396484
Exp079295,7.568938255310059,discovery_tumor_SARC,8.380316734313965
Exp081466,6.707242488861084,discovery_tumor_SARC,8.042415618896484
Exp081608,9.044397354125977,discovery_tumor_SARC,5.8144097328186035
Exp082943,5.719418048858643,discovery_tumor_SARC,6.604577541351318
Exp082988,6.278051853179932,discovery_tumor_SARC,7.789458751678467
Exp082990,6.0817131996154785,discovery_tumor_SARC,8.817798614501953
Exp082992,6.896334171295166,discovery_tumor_SARC,9.11392593383789
Exp083917,7.785609722137451,discovery_tumor_SARC,5.927695274353027
Exp087309,9.073542594909668,discovery_tumor_SARC,8.416260719299316
Exp087331,7.116175651550293,discovery_tumor_SARC,7.50939416885376
Exp079141,5.45427942276001,discovery_tumor_PAAD,8.647035598754883
Exp079185,6.662189483642578,discovery_tumor_PAAD,9.189533233642578
Exp079207,5.213818073272705,discovery_tumor_PAAD,7.791260242462158
Exp081483,6.394825458526611,discovery_tumor_PAAD,5.941524505615234
Exp081587,6.18801736831665,discovery_tumor_PAAD,6.7265191078186035
Exp082964,8.42778205871582,discovery_tumor_PAAD,7.596650123596191
Exp082980,5.4103007316589355,discovery_tumor_PAAD,7.645748615264893
Exp087448,9.22055435180664,discovery_tumor_PAAD,6.692905426025391
Exp087457,9.383224487304688,discovery_tumor_PAAD,6.984873294830322
Exp087459,9.572136878967285,discovery_tumor_PAAD,6.839488506317139
Exp079159,6.104065895080566,discovery_tumor_LIHC,8.504863739013672
Exp079229,9.144835472106934,discovery_tumor_LIHC,7.824402809143066
Exp079244,5.860073566436768,discovery_tumor_LIHC,9.821105003356934
Exp079257,7.763310432434082,discovery_tumor_LIHC,7.234709739685059
Exp079272,5.85407829284668,discovery_tumor_LIHC,5.912264347076416
Exp079287,6.2937846183776855,discovery_tumor_LIHC,8.103913307189941
Exp079288,6.099959850311279,discovery_tumor_LIHC,8.80278491973877
Exp079307,4.627754211425781,discovery_tumor_LIHC,6.6183881759643555
Exp081459,5.232106685638428,discovery_tumor_LIHC,6.023099422454834
Exp081484,7.410289287567139,discovery_tumor_LIHC,7.941350936889648
Exp081573,5.237737655639648,discovery_tumor_LIHC,6.610011577606201
Exp082935,8.806623458862305,discovery_tumor_LIHC,5.994000434875488
Exp082949,7.321980953216553,discovery_tumor_LIHC,6.85352897644043
Exp083952,6.730978488922119,discovery_tumor_LIHC,8.33670425415039
Exp083958,8.103169441223145,discovery_tumor_LIHC,6.254519939422607
Exp087315,8.728919982910156,discovery_tumor_LIHC,7.156794548034668
Exp087322,9.371254920959473,discovery_tumor_LIHC,7.0871124267578125
Exp087325,6.662012100219727,discovery_tumor_LIHC,8.186148643493652
Exp087357,7.583248138427734,discovery_tumor_LIHC,9.40148639678955
Exp087422,9.061111450195312,discovery_tumor_LIHC,7.280905723571777
Exp087443,9.516995429992676,discovery_tumor_LIHC,7.159656047821045
Exp081604,9.253695487976074,discovery_tumor_THCA,6.352148532867432
Exp081605,8.829804420471191,discovery_tumor_THCA,5.478941917419434
Exp081614,8.461172103881836,discovery_tumor_THCA,6.034346103668213
Exp082976,8.309527397155762,discovery_tumor_THCA,6.676048755645752
Exp087306,8.235862731933594,discovery_tumor_THCA,6.953097343444824
Exp087307,8.044508934020996,discovery_tumor_THCA,7.535199165344238
Exp087308,8.956310272216797,discovery_tumor_THCA,8.45241641998291
Exp087318,8.095674514770508,discovery_tumor_THCA,7.355208873748779
Exp087444,9.194186210632324,discovery_tumor_THCA,7.632359504699707
Exp087461,9.820950508117676,discovery_tumor_THCA,6.847696781158447
Exp079167,5.128669738769531,discovery_tumor_HNCA,8.96584701538086
Exp079265,6.376225471496582,discovery_tumor_HNCA,5.743622779846191
Exp081578,7.438784122467041,discovery_tumor_HNCA,7.753390312194824
Exp081579,5.801187992095947,discovery_tumor_HNCA,7.213300704956055
Exp081588,6.30604362487793,discovery_tumor_HNCA,6.6173224449157715
Exp083920,9.238127708435059,discovery_tumor_HNCA,5.494102954864502
Exp083944,8.588155746459961,discovery_tumor_HNCA,6.638850688934326
Exp087350,7.9512176513671875,discovery_tumor_HNCA,8.770604133605957
Exp087434,9.529111862182617,discovery_tumor_HNCA,6.978328704833984
Exp087470,9.706962585449219,discovery_tumor_HNCA,6.82540225982666
Exp079179,6.620765209197998,discovery_tumor_CECA,9.965681076049805
Exp079196,4.728353023529053,discovery_tumor_CECA,6.562641620635986
Exp079213,5.082530975341797,discovery_tumor_CECA,7.1428351402282715
Exp079305,4.498963832855225,discovery_tumor_CECA,6.222799301147461
Exp081574,6.074885845184326,discovery_tumor_CECA,6.804261684417725
Exp081595,8.072540283203125,discovery_tumor_CECA,6.47693395614624
Exp081596,6.751694679260254,discovery_tumor_CECA,5.799145221710205
Exp081602,8.511857986450195,discovery_tumor_CECA,6.369824409484863
Exp081611,7.58010721206665,discovery_tumor_CECA,5.870885372161865
Exp082916,8.045003890991211,discovery_tumor_CECA,6.503832817077637
Exp082967,9.118644714355469,discovery_tumor_CECA,5.493992328643799
Exp082972,9.090256690979004,discovery_tumor_CECA,5.500446319580078
Exp082989,7.202450275421143,discovery_tumor_CECA,7.650108337402344
Exp083966,8.37387752532959,discovery_tumor_CECA,5.580705165863037
Exp087312,6.667109966278076,discovery_tumor_CECA,7.606103420257568
Exp087358,8.783027648925781,discovery_tumor_CECA,7.573160171508789
Exp087423,9.226821899414062,discovery_tumor_CECA,6.488124370574951
Exp087437,9.550009727478027,discovery_tumor_CECA,7.474006652832031
Exp087438,9.58115005493164,discovery_tumor_CECA,7.479701519012451
Exp087452,9.12109375,discovery_tumor_CECA,6.222444534301758
Exp087333,7.994457244873047,discovery_tumor_TGCT,8.456571578979492
Exp087367,8.885379791259766,discovery_tumor_TGCT,9.532037734985352
Exp087368,9.112420082092285,discovery_tumor_TGCT,8.596185684204102
Exp087369,9.232574462890625,discovery_tumor_TGCT,8.104351997375488
Exp087370,8.737263679504395,discovery_tumor_TGCT,9.043464660644531
Exp087371,8.576394081115723,discovery_tumor_TGCT,8.697009086608887
Exp087372,9.04231071472168,discovery_tumor_TGCT,8.53553295135498
Exp087373,8.98488712310791,discovery_tumor_TGCT,8.460908889770508
Exp087374,8.737516403198242,discovery_tumor_TGCT,8.150861740112305
Exp087375,8.489873886108398,discovery_tumor_TGCT,9.53802490234375
Exp087376,9.014124870300293,discovery_tumor_TGCT,8.409649848937988
Exp087377,9.063531875610352,discovery_tumor_TGCT,9.304221153259277
Exp087378,9.002557754516602,discovery_tumor_TGCT,8.272501945495605
Exp087379,8.893633842468262,discovery_tumor_TGCT,9.161048889160156
Exp087380,8.76452922821045,discovery_tumor_TGCT,8.637044906616211
Exp087381,9.090603828430176,discovery_tumor_TGCT,8.20400619506836
Exp087382,8.776433944702148,discovery_tumor_TGCT,8.9088716506958
Exp087383,7.007793426513672,discovery_tumor_TGCT,9.530110359191895
Exp087384,8.717754364013672,discovery_tumor_TGCT,9.697230339050293
Exp087385,7.879507541656494,discovery_tumor_TGCT,9.516157150268555
Exp087386,7.25412654876709,discovery_tumor_TGCT,9.274019241333008
Exp087387,7.252770900726318,discovery_tumor_TGCT,8.295171737670898
Exp087388,6.29286003112793,discovery_tumor_TGCT,7.948374271392822
Exp087389,8.507368087768555,discovery_tumor_TGCT,8.906875610351562
Exp087390,9.007265090942383,discovery_tumor_TGCT,9.267488479614258
Exp087391,8.811073303222656,discovery_tumor_TGCT,9.397027969360352
Exp087392,8.90192985534668,discovery_tumor_TGCT,9.381794929504395
Exp087393,9.007942199707031,discovery_tumor_TGCT,8.888409614562988
Exp087397,9.109889030456543,discovery_tumor_TGCT,9.179265975952148
Exp087398,8.911030769348145,discovery_tumor_TGCT,9.144306182861328
Exp087399,9.047805786132812,discovery_tumor_TGCT,8.483372688293457
Exp087400,9.000306129455566,discovery_tumor_TGCT,9.392379760742188
Exp087401,8.825362205505371,discovery_tumor_TGCT,9.427127838134766
Exp087402,7.74683952331543,discovery_tumor_TGCT,9.601773262023926
Exp087403,8.884705543518066,discovery_tumor_TGCT,9.145638465881348
Exp087404,8.953483581542969,discovery_tumor_TGCT,9.127364158630371
Exp087405,8.89365291595459,discovery_tumor_TGCT,9.473289489746094
Exp087406,8.610247611999512,discovery_tumor_TGCT,8.808367729187012
Exp087407,8.733054161071777,discovery_tumor_TGCT,9.01205062866211
Exp087408,8.353193283081055,discovery_tumor_TGCT,9.230252265930176
Exp087409,9.702132225036621,discovery_tumor_TGCT,7.2351765632629395
Exp087410,8.77252197265625,discovery_tumor_TGCT,9.427573204040527
Exp087411,8.33526611328125,discovery_tumor_TGCT,7.598024845123291
Exp087412,6.053462505340576,discovery_tumor_TGCT,9.43497371673584
Exp087413,8.90059757232666,discovery_tumor_TGCT,9.376872062683105
Exp087414,8.897252082824707,discovery_tumor_TGCT,9.070354461669922
